EGAP(s),# EGAPs fixed,# Hits on fixed code,Energy (before fix),Energy (after fix),Time (before fix),Time (after fix),# Total method calls,# Diff. method calls,nosi (before),nom (before),wmc (before),noc (before),nopf (before),cbo (before),dit (before),loc (before),rfc (before),nosf (before),lcom (before),nof (before),nopm (before),nosm (before),nopf (after),nom (after),nosi (after),nopm (after),noc (after),rfc (after),nof (after),dit (after),wmc (after),loc (after),cbo (after),nosf (after),lcom (after),nosm (after)
DrawAllocation_ExcessiveMethodCalls,1,0,20082.390219499997,43111.0,15732.002652999998,43469.0,3090,89,3.5869565217391304,6.8478260869565215,15.521739130434783,0.0,46.45652173913044,7.826086956521739,1.5217391304347827,241.8913043478261,16.369565217391305,47.391304347826086,50.19565217391305,51.76086956521739,4.326086956521739,0.7608695652173914,46.45652173913044,6.8478260869565215,3.5869565217391304,4.326086956521739,0.0,16.369565217391305,51.76086956521739,1.5217391304347827,15.521739130434783,241.91304347826087,7.826086956521739,47.391304347826086,50.19565217391305,0.7608695652173914
DrawAllocation_ExcessiveMethodCalls,1,0,20118.008974499997,43150.0,15847.567723500008,43523.0,3090,89,3.5869565217391304,6.8478260869565215,15.521739130434783,0.0,46.45652173913044,7.826086956521739,1.5217391304347827,241.8913043478261,16.369565217391305,47.391304347826086,50.19565217391305,51.76086956521739,4.326086956521739,0.7608695652173914,46.45652173913044,6.8478260869565215,3.5869565217391304,4.326086956521739,0.0,16.369565217391305,51.76086956521739,1.5217391304347827,15.521739130434783,241.91304347826087,7.826086956521739,47.391304347826086,50.19565217391305,0.7608695652173914
DrawAllocation_ExcessiveMethodCalls,1,0,20133.424583499993,43158.0,15923.24819499999,43556.0,3090,89,3.5869565217391304,6.8478260869565215,15.521739130434783,0.0,46.45652173913044,7.826086956521739,1.5217391304347827,241.8913043478261,16.369565217391305,47.391304347826086,50.19565217391305,51.76086956521739,4.326086956521739,0.7608695652173914,46.45652173913044,6.8478260869565215,3.5869565217391304,4.326086956521739,0.0,16.369565217391305,51.76086956521739,1.5217391304347827,15.521739130434783,241.91304347826087,7.826086956521739,47.391304347826086,50.19565217391305,0.7608695652173914
DrawAllocation_ExcessiveMethodCalls,1,0,20360.46508550002,43195.0,15953.060872999997,43563.0,3090,89,3.5869565217391304,6.8478260869565215,15.521739130434783,0.0,46.45652173913044,7.826086956521739,1.5217391304347827,241.8913043478261,16.369565217391305,47.391304347826086,50.19565217391305,51.76086956521739,4.326086956521739,0.7608695652173914,46.45652173913044,6.8478260869565215,3.5869565217391304,4.326086956521739,0.0,16.369565217391305,51.76086956521739,1.5217391304347827,15.521739130434783,241.91304347826087,7.826086956521739,47.391304347826086,50.19565217391305,0.7608695652173914
DrawAllocation_ExcessiveMethodCalls,1,0,20430.902317499986,43243.0,16041.541324999993,43565.0,3090,89,3.5869565217391304,6.8478260869565215,15.521739130434783,0.0,46.45652173913044,7.826086956521739,1.5217391304347827,241.8913043478261,16.369565217391305,47.391304347826086,50.19565217391305,51.76086956521739,4.326086956521739,0.7608695652173914,46.45652173913044,6.8478260869565215,3.5869565217391304,4.326086956521739,0.0,16.369565217391305,51.76086956521739,1.5217391304347827,15.521739130434783,241.91304347826087,7.826086956521739,47.391304347826086,50.19565217391305,0.7608695652173914
DrawAllocation_ExcessiveMethodCalls,1,0,20475.564487,43284.0,16046.10326149999,43566.0,3090,89,3.5869565217391304,6.8478260869565215,15.521739130434783,0.0,46.45652173913044,7.826086956521739,1.5217391304347827,241.8913043478261,16.369565217391305,47.391304347826086,50.19565217391305,51.76086956521739,4.326086956521739,0.7608695652173914,46.45652173913044,6.8478260869565215,3.5869565217391304,4.326086956521739,0.0,16.369565217391305,51.76086956521739,1.5217391304347827,15.521739130434783,241.91304347826087,7.826086956521739,47.391304347826086,50.19565217391305,0.7608695652173914
DrawAllocation_ExcessiveMethodCalls,1,0,20518.904503500005,43370.0,16060.170379000014,43567.0,3090,89,3.5869565217391304,6.8478260869565215,15.521739130434783,0.0,46.45652173913044,7.826086956521739,1.5217391304347827,241.8913043478261,16.369565217391305,47.391304347826086,50.19565217391305,51.76086956521739,4.326086956521739,0.7608695652173914,46.45652173913044,6.8478260869565215,3.5869565217391304,4.326086956521739,0.0,16.369565217391305,51.76086956521739,1.5217391304347827,15.521739130434783,241.91304347826087,7.826086956521739,47.391304347826086,50.19565217391305,0.7608695652173914
DrawAllocation_ExcessiveMethodCalls,1,0,20544.093166999977,43471.0,16061.80362100001,43686.0,3090,89,3.5869565217391304,6.8478260869565215,15.521739130434783,0.0,46.45652173913044,7.826086956521739,1.5217391304347827,241.8913043478261,16.369565217391305,47.391304347826086,50.19565217391305,51.76086956521739,4.326086956521739,0.7608695652173914,46.45652173913044,6.8478260869565215,3.5869565217391304,4.326086956521739,0.0,16.369565217391305,51.76086956521739,1.5217391304347827,15.521739130434783,241.91304347826087,7.826086956521739,47.391304347826086,50.19565217391305,0.7608695652173914
DrawAllocation_ExcessiveMethodCalls,1,0,20588.821141,43473.0,16070.496722000016,43772.0,3090,89,3.5869565217391304,6.8478260869565215,15.521739130434783,0.0,46.45652173913044,7.826086956521739,1.5217391304347827,241.8913043478261,16.369565217391305,47.391304347826086,50.19565217391305,51.76086956521739,4.326086956521739,0.7608695652173914,46.45652173913044,6.8478260869565215,3.5869565217391304,4.326086956521739,0.0,16.369565217391305,51.76086956521739,1.5217391304347827,15.521739130434783,241.91304347826087,7.826086956521739,47.391304347826086,50.19565217391305,0.7608695652173914
DrawAllocation_ExcessiveMethodCalls,1,0,20597.587425500005,43474.0,16181.193343500003,44128.0,3090,89,3.5869565217391304,6.8478260869565215,15.521739130434783,0.0,46.45652173913044,7.826086956521739,1.5217391304347827,241.8913043478261,16.369565217391305,47.391304347826086,50.19565217391305,51.76086956521739,4.326086956521739,0.7608695652173914,46.45652173913044,6.8478260869565215,3.5869565217391304,4.326086956521739,0.0,16.369565217391305,51.76086956521739,1.5217391304347827,15.521739130434783,241.91304347826087,7.826086956521739,47.391304347826086,50.19565217391305,0.7608695652173914
DrawAllocation_ExcessiveMethodCalls,1,0,20670.009076500002,43523.0,16268.862774500001,44268.0,3090,89,3.5869565217391304,6.8478260869565215,15.521739130434783,0.0,46.45652173913044,7.826086956521739,1.5217391304347827,241.8913043478261,16.369565217391305,47.391304347826086,50.19565217391305,51.76086956521739,4.326086956521739,0.7608695652173914,46.45652173913044,6.8478260869565215,3.5869565217391304,4.326086956521739,0.0,16.369565217391305,51.76086956521739,1.5217391304347827,15.521739130434783,241.91304347826087,7.826086956521739,47.391304347826086,50.19565217391305,0.7608695652173914
DrawAllocation_ExcessiveMethodCalls,1,0,20733.530278499995,43559.0,16282.312829999995,44275.0,3090,89,3.5869565217391304,6.8478260869565215,15.521739130434783,0.0,46.45652173913044,7.826086956521739,1.5217391304347827,241.8913043478261,16.369565217391305,47.391304347826086,50.19565217391305,51.76086956521739,4.326086956521739,0.7608695652173914,46.45652173913044,6.8478260869565215,3.5869565217391304,4.326086956521739,0.0,16.369565217391305,51.76086956521739,1.5217391304347827,15.521739130434783,241.91304347826087,7.826086956521739,47.391304347826086,50.19565217391305,0.7608695652173914
DrawAllocation_ExcessiveMethodCalls,1,0,20803.868249500007,43560.0,16327.851348999993,44281.0,3090,89,3.5869565217391304,6.8478260869565215,15.521739130434783,0.0,46.45652173913044,7.826086956521739,1.5217391304347827,241.8913043478261,16.369565217391305,47.391304347826086,50.19565217391305,51.76086956521739,4.326086956521739,0.7608695652173914,46.45652173913044,6.8478260869565215,3.5869565217391304,4.326086956521739,0.0,16.369565217391305,51.76086956521739,1.5217391304347827,15.521739130434783,241.91304347826087,7.826086956521739,47.391304347826086,50.19565217391305,0.7608695652173914
DrawAllocation_ExcessiveMethodCalls,1,0,20890.00925450002,43563.0,16941.680258500015,44283.0,3090,89,3.5869565217391304,6.8478260869565215,15.521739130434783,0.0,46.45652173913044,7.826086956521739,1.5217391304347827,241.8913043478261,16.369565217391305,47.391304347826086,50.19565217391305,51.76086956521739,4.326086956521739,0.7608695652173914,46.45652173913044,6.8478260869565215,3.5869565217391304,4.326086956521739,0.0,16.369565217391305,51.76086956521739,1.5217391304347827,15.521739130434783,241.91304347826087,7.826086956521739,47.391304347826086,50.19565217391305,0.7608695652173914
DrawAllocation_ExcessiveMethodCalls,1,0,20951.882087500013,43563.0,17611.996815500024,44321.0,3090,89,3.5869565217391304,6.8478260869565215,15.521739130434783,0.0,46.45652173913044,7.826086956521739,1.5217391304347827,241.8913043478261,16.369565217391305,47.391304347826086,50.19565217391305,51.76086956521739,4.326086956521739,0.7608695652173914,46.45652173913044,6.8478260869565215,3.5869565217391304,4.326086956521739,0.0,16.369565217391305,51.76086956521739,1.5217391304347827,15.521739130434783,241.91304347826087,7.826086956521739,47.391304347826086,50.19565217391305,0.7608695652173914
DrawAllocation_ExcessiveMethodCalls,1,0,21043.71834000001,43565.0,17665.63851400001,44375.0,3090,89,3.5869565217391304,6.8478260869565215,15.521739130434783,0.0,46.45652173913044,7.826086956521739,1.5217391304347827,241.8913043478261,16.369565217391305,47.391304347826086,50.19565217391305,51.76086956521739,4.326086956521739,0.7608695652173914,46.45652173913044,6.8478260869565215,3.5869565217391304,4.326086956521739,0.0,16.369565217391305,51.76086956521739,1.5217391304347827,15.521739130434783,241.91304347826087,7.826086956521739,47.391304347826086,50.19565217391305,0.7608695652173914
DrawAllocation_ExcessiveMethodCalls,1,0,21316.1905825,43569.0,19851.76612599999,44383.0,3090,89,3.5869565217391304,6.8478260869565215,15.521739130434783,0.0,46.45652173913044,7.826086956521739,1.5217391304347827,241.8913043478261,16.369565217391305,47.391304347826086,50.19565217391305,51.76086956521739,4.326086956521739,0.7608695652173914,46.45652173913044,6.8478260869565215,3.5869565217391304,4.326086956521739,0.0,16.369565217391305,51.76086956521739,1.5217391304347827,15.521739130434783,241.91304347826087,7.826086956521739,47.391304347826086,50.19565217391305,0.7608695652173914
DrawAllocation_ExcessiveMethodCalls,1,0,21426.86189,43576.0,19991.609083,44383.0,3090,89,3.5869565217391304,6.8478260869565215,15.521739130434783,0.0,46.45652173913044,7.826086956521739,1.5217391304347827,241.8913043478261,16.369565217391305,47.391304347826086,50.19565217391305,51.76086956521739,4.326086956521739,0.7608695652173914,46.45652173913044,6.8478260869565215,3.5869565217391304,4.326086956521739,0.0,16.369565217391305,51.76086956521739,1.5217391304347827,15.521739130434783,241.91304347826087,7.826086956521739,47.391304347826086,50.19565217391305,0.7608695652173914
DrawAllocation_ExcessiveMethodCalls,1,0,24165.448596499973,43653.0,20492.696994499995,44388.0,3090,89,3.5869565217391304,6.8478260869565215,15.521739130434783,0.0,46.45652173913044,7.826086956521739,1.5217391304347827,241.8913043478261,16.369565217391305,47.391304347826086,50.19565217391305,51.76086956521739,4.326086956521739,0.7608695652173914,46.45652173913044,6.8478260869565215,3.5869565217391304,4.326086956521739,0.0,16.369565217391305,51.76086956521739,1.5217391304347827,15.521739130434783,241.91304347826087,7.826086956521739,47.391304347826086,50.19565217391305,0.7608695652173914
DrawAllocation_ExcessiveMethodCalls,1,0,24308.699483999997,43655.0,20678.286637500016,44468.0,3090,89,3.5869565217391304,6.8478260869565215,15.521739130434783,0.0,46.45652173913044,7.826086956521739,1.5217391304347827,241.8913043478261,16.369565217391305,47.391304347826086,50.19565217391305,51.76086956521739,4.326086956521739,0.7608695652173914,46.45652173913044,6.8478260869565215,3.5869565217391304,4.326086956521739,0.0,16.369565217391305,51.76086956521739,1.5217391304347827,15.521739130434783,241.91304347826087,7.826086956521739,47.391304347826086,50.19565217391305,0.7608695652173914
DrawAllocation_ExcessiveMethodCalls,1,0,25127.661025999998,43671.0,20703.970627000006,44482.0,3090,89,3.5869565217391304,6.8478260869565215,15.521739130434783,0.0,46.45652173913044,7.826086956521739,1.5217391304347827,241.8913043478261,16.369565217391305,47.391304347826086,50.19565217391305,51.76086956521739,4.326086956521739,0.7608695652173914,46.45652173913044,6.8478260869565215,3.5869565217391304,4.326086956521739,0.0,16.369565217391305,51.76086956521739,1.5217391304347827,15.521739130434783,241.91304347826087,7.826086956521739,47.391304347826086,50.19565217391305,0.7608695652173914
DrawAllocation_ExcessiveMethodCalls,1,0,25454.042049999993,43671.0,20724.535330499995,44486.0,3090,89,3.5869565217391304,6.8478260869565215,15.521739130434783,0.0,46.45652173913044,7.826086956521739,1.5217391304347827,241.8913043478261,16.369565217391305,47.391304347826086,50.19565217391305,51.76086956521739,4.326086956521739,0.7608695652173914,46.45652173913044,6.8478260869565215,3.5869565217391304,4.326086956521739,0.0,16.369565217391305,51.76086956521739,1.5217391304347827,15.521739130434783,241.91304347826087,7.826086956521739,47.391304347826086,50.19565217391305,0.7608695652173914
DrawAllocation_ExcessiveMethodCalls,1,0,25531.983055999986,43709.0,20934.969941999996,44521.0,3090,89,3.5869565217391304,6.8478260869565215,15.521739130434783,0.0,46.45652173913044,7.826086956521739,1.5217391304347827,241.8913043478261,16.369565217391305,47.391304347826086,50.19565217391305,51.76086956521739,4.326086956521739,0.7608695652173914,46.45652173913044,6.8478260869565215,3.5869565217391304,4.326086956521739,0.0,16.369565217391305,51.76086956521739,1.5217391304347827,15.521739130434783,241.91304347826087,7.826086956521739,47.391304347826086,50.19565217391305,0.7608695652173914
DrawAllocation_ExcessiveMethodCalls,1,0,25735.115884500014,43749.0,21166.46663850001,44600.0,3090,89,3.5869565217391304,6.8478260869565215,15.521739130434783,0.0,46.45652173913044,7.826086956521739,1.5217391304347827,241.8913043478261,16.369565217391305,47.391304347826086,50.19565217391305,51.76086956521739,4.326086956521739,0.7608695652173914,46.45652173913044,6.8478260869565215,3.5869565217391304,4.326086956521739,0.0,16.369565217391305,51.76086956521739,1.5217391304347827,15.521739130434783,241.91304347826087,7.826086956521739,47.391304347826086,50.19565217391305,0.7608695652173914
DrawAllocation_ExcessiveMethodCalls,1,0,26010.499293,43867.0,21651.228692500023,44606.0,3090,89,3.5869565217391304,6.8478260869565215,15.521739130434783,0.0,46.45652173913044,7.826086956521739,1.5217391304347827,241.8913043478261,16.369565217391305,47.391304347826086,50.19565217391305,51.76086956521739,4.326086956521739,0.7608695652173914,46.45652173913044,6.8478260869565215,3.5869565217391304,4.326086956521739,0.0,16.369565217391305,51.76086956521739,1.5217391304347827,15.521739130434783,241.91304347826087,7.826086956521739,47.391304347826086,50.19565217391305,0.7608695652173914
DrawAllocation_ExcessiveMethodCalls,1,0,16402.6332585,41270.0,16671.054337999998,40413.0,2875,89,3.5869565217391304,6.8478260869565215,15.521739130434783,0.0,46.45652173913044,7.826086956521739,1.5217391304347827,241.8913043478261,16.369565217391305,47.391304347826086,50.19565217391305,51.76086956521739,4.326086956521739,0.7608695652173914,46.45652173913044,6.8478260869565215,3.5869565217391304,4.326086956521739,0.0,16.369565217391305,51.76086956521739,1.5217391304347827,15.521739130434783,241.91304347826087,7.826086956521739,47.391304347826086,50.19565217391305,0.7608695652173914
DrawAllocation_ExcessiveMethodCalls,1,0,16447.71139900001,41318.0,16921.448757500006,40573.0,2875,89,3.5869565217391304,6.8478260869565215,15.521739130434783,0.0,46.45652173913044,7.826086956521739,1.5217391304347827,241.8913043478261,16.369565217391305,47.391304347826086,50.19565217391305,51.76086956521739,4.326086956521739,0.7608695652173914,46.45652173913044,6.8478260869565215,3.5869565217391304,4.326086956521739,0.0,16.369565217391305,51.76086956521739,1.5217391304347827,15.521739130434783,241.91304347826087,7.826086956521739,47.391304347826086,50.19565217391305,0.7608695652173914
DrawAllocation_ExcessiveMethodCalls,1,0,16543.04377799999,41329.0,16937.641976000006,40579.0,2875,89,3.5869565217391304,6.8478260869565215,15.521739130434783,0.0,46.45652173913044,7.826086956521739,1.5217391304347827,241.8913043478261,16.369565217391305,47.391304347826086,50.19565217391305,51.76086956521739,4.326086956521739,0.7608695652173914,46.45652173913044,6.8478260869565215,3.5869565217391304,4.326086956521739,0.0,16.369565217391305,51.76086956521739,1.5217391304347827,15.521739130434783,241.91304347826087,7.826086956521739,47.391304347826086,50.19565217391305,0.7608695652173914
DrawAllocation_ExcessiveMethodCalls,1,0,16646.084122499997,41369.0,16995.794448499997,40589.0,2875,89,3.5869565217391304,6.8478260869565215,15.521739130434783,0.0,46.45652173913044,7.826086956521739,1.5217391304347827,241.8913043478261,16.369565217391305,47.391304347826086,50.19565217391305,51.76086956521739,4.326086956521739,0.7608695652173914,46.45652173913044,6.8478260869565215,3.5869565217391304,4.326086956521739,0.0,16.369565217391305,51.76086956521739,1.5217391304347827,15.521739130434783,241.91304347826087,7.826086956521739,47.391304347826086,50.19565217391305,0.7608695652173914
DrawAllocation_ExcessiveMethodCalls,1,0,16662.349919999986,41369.0,17010.824801000002,40709.0,2875,89,3.5869565217391304,6.8478260869565215,15.521739130434783,0.0,46.45652173913044,7.826086956521739,1.5217391304347827,241.8913043478261,16.369565217391305,47.391304347826086,50.19565217391305,51.76086956521739,4.326086956521739,0.7608695652173914,46.45652173913044,6.8478260869565215,3.5869565217391304,4.326086956521739,0.0,16.369565217391305,51.76086956521739,1.5217391304347827,15.521739130434783,241.91304347826087,7.826086956521739,47.391304347826086,50.19565217391305,0.7608695652173914
DrawAllocation_ExcessiveMethodCalls,1,0,16675.193876499987,41370.0,17061.9548945,40710.0,2875,89,3.5869565217391304,6.8478260869565215,15.521739130434783,0.0,46.45652173913044,7.826086956521739,1.5217391304347827,241.8913043478261,16.369565217391305,47.391304347826086,50.19565217391305,51.76086956521739,4.326086956521739,0.7608695652173914,46.45652173913044,6.8478260869565215,3.5869565217391304,4.326086956521739,0.0,16.369565217391305,51.76086956521739,1.5217391304347827,15.521739130434783,241.91304347826087,7.826086956521739,47.391304347826086,50.19565217391305,0.7608695652173914
DrawAllocation_ExcessiveMethodCalls,1,0,16703.524443499988,41377.0,17067.91464750001,40816.0,2875,89,3.5869565217391304,6.8478260869565215,15.521739130434783,0.0,46.45652173913044,7.826086956521739,1.5217391304347827,241.8913043478261,16.369565217391305,47.391304347826086,50.19565217391305,51.76086956521739,4.326086956521739,0.7608695652173914,46.45652173913044,6.8478260869565215,3.5869565217391304,4.326086956521739,0.0,16.369565217391305,51.76086956521739,1.5217391304347827,15.521739130434783,241.91304347826087,7.826086956521739,47.391304347826086,50.19565217391305,0.7608695652173914
DrawAllocation_ExcessiveMethodCalls,1,0,16724.693374000006,41423.0,17097.7667465,41272.0,2875,89,3.5869565217391304,6.8478260869565215,15.521739130434783,0.0,46.45652173913044,7.826086956521739,1.5217391304347827,241.8913043478261,16.369565217391305,47.391304347826086,50.19565217391305,51.76086956521739,4.326086956521739,0.7608695652173914,46.45652173913044,6.8478260869565215,3.5869565217391304,4.326086956521739,0.0,16.369565217391305,51.76086956521739,1.5217391304347827,15.521739130434783,241.91304347826087,7.826086956521739,47.391304347826086,50.19565217391305,0.7608695652173914
DrawAllocation_ExcessiveMethodCalls,1,0,16740.426139499996,41424.0,17253.272417999986,41276.0,2875,89,3.5869565217391304,6.8478260869565215,15.521739130434783,0.0,46.45652173913044,7.826086956521739,1.5217391304347827,241.8913043478261,16.369565217391305,47.391304347826086,50.19565217391305,51.76086956521739,4.326086956521739,0.7608695652173914,46.45652173913044,6.8478260869565215,3.5869565217391304,4.326086956521739,0.0,16.369565217391305,51.76086956521739,1.5217391304347827,15.521739130434783,241.91304347826087,7.826086956521739,47.391304347826086,50.19565217391305,0.7608695652173914
DrawAllocation_ExcessiveMethodCalls,1,0,16740.531518000007,41468.0,17264.461416000006,41280.0,2875,89,3.5869565217391304,6.8478260869565215,15.521739130434783,0.0,46.45652173913044,7.826086956521739,1.5217391304347827,241.8913043478261,16.369565217391305,47.391304347826086,50.19565217391305,51.76086956521739,4.326086956521739,0.7608695652173914,46.45652173913044,6.8478260869565215,3.5869565217391304,4.326086956521739,0.0,16.369565217391305,51.76086956521739,1.5217391304347827,15.521739130434783,241.91304347826087,7.826086956521739,47.391304347826086,50.19565217391305,0.7608695652173914
DrawAllocation_ExcessiveMethodCalls,1,0,16786.778603000002,41477.0,17269.542085500005,41367.0,2875,89,3.5869565217391304,6.8478260869565215,15.521739130434783,0.0,46.45652173913044,7.826086956521739,1.5217391304347827,241.8913043478261,16.369565217391305,47.391304347826086,50.19565217391305,51.76086956521739,4.326086956521739,0.7608695652173914,46.45652173913044,6.8478260869565215,3.5869565217391304,4.326086956521739,0.0,16.369565217391305,51.76086956521739,1.5217391304347827,15.521739130434783,241.91304347826087,7.826086956521739,47.391304347826086,50.19565217391305,0.7608695652173914
DrawAllocation_ExcessiveMethodCalls,1,0,16817.435062999994,41495.0,17280.136247000013,41370.0,2875,89,3.5869565217391304,6.8478260869565215,15.521739130434783,0.0,46.45652173913044,7.826086956521739,1.5217391304347827,241.8913043478261,16.369565217391305,47.391304347826086,50.19565217391305,51.76086956521739,4.326086956521739,0.7608695652173914,46.45652173913044,6.8478260869565215,3.5869565217391304,4.326086956521739,0.0,16.369565217391305,51.76086956521739,1.5217391304347827,15.521739130434783,241.91304347826087,7.826086956521739,47.391304347826086,50.19565217391305,0.7608695652173914
DrawAllocation_ExcessiveMethodCalls,1,0,16841.318881500003,41510.0,17332.586705999987,41375.0,2875,89,3.5869565217391304,6.8478260869565215,15.521739130434783,0.0,46.45652173913044,7.826086956521739,1.5217391304347827,241.8913043478261,16.369565217391305,47.391304347826086,50.19565217391305,51.76086956521739,4.326086956521739,0.7608695652173914,46.45652173913044,6.8478260869565215,3.5869565217391304,4.326086956521739,0.0,16.369565217391305,51.76086956521739,1.5217391304347827,15.521739130434783,241.91304347826087,7.826086956521739,47.391304347826086,50.19565217391305,0.7608695652173914
DrawAllocation_ExcessiveMethodCalls,1,0,16876.783347,41534.0,17572.72594549999,41377.0,2875,89,3.5869565217391304,6.8478260869565215,15.521739130434783,0.0,46.45652173913044,7.826086956521739,1.5217391304347827,241.8913043478261,16.369565217391305,47.391304347826086,50.19565217391305,51.76086956521739,4.326086956521739,0.7608695652173914,46.45652173913044,6.8478260869565215,3.5869565217391304,4.326086956521739,0.0,16.369565217391305,51.76086956521739,1.5217391304347827,15.521739130434783,241.91304347826087,7.826086956521739,47.391304347826086,50.19565217391305,0.7608695652173914
DrawAllocation_ExcessiveMethodCalls,1,0,16902.936352000004,41538.0,17680.9621715,41385.0,2875,89,3.5869565217391304,6.8478260869565215,15.521739130434783,0.0,46.45652173913044,7.826086956521739,1.5217391304347827,241.8913043478261,16.369565217391305,47.391304347826086,50.19565217391305,51.76086956521739,4.326086956521739,0.7608695652173914,46.45652173913044,6.8478260869565215,3.5869565217391304,4.326086956521739,0.0,16.369565217391305,51.76086956521739,1.5217391304347827,15.521739130434783,241.91304347826087,7.826086956521739,47.391304347826086,50.19565217391305,0.7608695652173914
DrawAllocation_ExcessiveMethodCalls,1,0,16918.402080999997,41570.0,17734.171277500005,41390.0,2875,89,3.5869565217391304,6.8478260869565215,15.521739130434783,0.0,46.45652173913044,7.826086956521739,1.5217391304347827,241.8913043478261,16.369565217391305,47.391304347826086,50.19565217391305,51.76086956521739,4.326086956521739,0.7608695652173914,46.45652173913044,6.8478260869565215,3.5869565217391304,4.326086956521739,0.0,16.369565217391305,51.76086956521739,1.5217391304347827,15.521739130434783,241.91304347826087,7.826086956521739,47.391304347826086,50.19565217391305,0.7608695652173914
DrawAllocation_ExcessiveMethodCalls,1,0,16925.814248499984,41570.0,18049.34923100001,41427.0,2875,89,3.5869565217391304,6.8478260869565215,15.521739130434783,0.0,46.45652173913044,7.826086956521739,1.5217391304347827,241.8913043478261,16.369565217391305,47.391304347826086,50.19565217391305,51.76086956521739,4.326086956521739,0.7608695652173914,46.45652173913044,6.8478260869565215,3.5869565217391304,4.326086956521739,0.0,16.369565217391305,51.76086956521739,1.5217391304347827,15.521739130434783,241.91304347826087,7.826086956521739,47.391304347826086,50.19565217391305,0.7608695652173914
DrawAllocation_ExcessiveMethodCalls,1,0,16954.1147715,41572.0,18088.125104499988,41465.0,2875,89,3.5869565217391304,6.8478260869565215,15.521739130434783,0.0,46.45652173913044,7.826086956521739,1.5217391304347827,241.8913043478261,16.369565217391305,47.391304347826086,50.19565217391305,51.76086956521739,4.326086956521739,0.7608695652173914,46.45652173913044,6.8478260869565215,3.5869565217391304,4.326086956521739,0.0,16.369565217391305,51.76086956521739,1.5217391304347827,15.521739130434783,241.91304347826087,7.826086956521739,47.391304347826086,50.19565217391305,0.7608695652173914
DrawAllocation_ExcessiveMethodCalls,1,0,16987.14756399999,41572.0,21654.681974500007,41470.0,2875,89,3.5869565217391304,6.8478260869565215,15.521739130434783,0.0,46.45652173913044,7.826086956521739,1.5217391304347827,241.8913043478261,16.369565217391305,47.391304347826086,50.19565217391305,51.76086956521739,4.326086956521739,0.7608695652173914,46.45652173913044,6.8478260869565215,3.5869565217391304,4.326086956521739,0.0,16.369565217391305,51.76086956521739,1.5217391304347827,15.521739130434783,241.91304347826087,7.826086956521739,47.391304347826086,50.19565217391305,0.7608695652173914
DrawAllocation_ExcessiveMethodCalls,1,0,17122.4444535,41573.0,22355.557351499985,41476.0,2875,89,3.5869565217391304,6.8478260869565215,15.521739130434783,0.0,46.45652173913044,7.826086956521739,1.5217391304347827,241.8913043478261,16.369565217391305,47.391304347826086,50.19565217391305,51.76086956521739,4.326086956521739,0.7608695652173914,46.45652173913044,6.8478260869565215,3.5869565217391304,4.326086956521739,0.0,16.369565217391305,51.76086956521739,1.5217391304347827,15.521739130434783,241.91304347826087,7.826086956521739,47.391304347826086,50.19565217391305,0.7608695652173914
DrawAllocation_ExcessiveMethodCalls,1,0,17191.489356000013,41575.0,22558.770709499993,41482.0,2875,89,3.5869565217391304,6.8478260869565215,15.521739130434783,0.0,46.45652173913044,7.826086956521739,1.5217391304347827,241.8913043478261,16.369565217391305,47.391304347826086,50.19565217391305,51.76086956521739,4.326086956521739,0.7608695652173914,46.45652173913044,6.8478260869565215,3.5869565217391304,4.326086956521739,0.0,16.369565217391305,51.76086956521739,1.5217391304347827,15.521739130434783,241.91304347826087,7.826086956521739,47.391304347826086,50.19565217391305,0.7608695652173914
DrawAllocation_ExcessiveMethodCalls,1,0,17280.45273400001,41578.0,22625.265699000003,41507.0,2875,89,3.5869565217391304,6.8478260869565215,15.521739130434783,0.0,46.45652173913044,7.826086956521739,1.5217391304347827,241.8913043478261,16.369565217391305,47.391304347826086,50.19565217391305,51.76086956521739,4.326086956521739,0.7608695652173914,46.45652173913044,6.8478260869565215,3.5869565217391304,4.326086956521739,0.0,16.369565217391305,51.76086956521739,1.5217391304347827,15.521739130434783,241.91304347826087,7.826086956521739,47.391304347826086,50.19565217391305,0.7608695652173914
DrawAllocation_ExcessiveMethodCalls,1,0,17289.242800000007,41582.0,22680.268845000017,41519.0,2875,89,3.5869565217391304,6.8478260869565215,15.521739130434783,0.0,46.45652173913044,7.826086956521739,1.5217391304347827,241.8913043478261,16.369565217391305,47.391304347826086,50.19565217391305,51.76086956521739,4.326086956521739,0.7608695652173914,46.45652173913044,6.8478260869565215,3.5869565217391304,4.326086956521739,0.0,16.369565217391305,51.76086956521739,1.5217391304347827,15.521739130434783,241.91304347826087,7.826086956521739,47.391304347826086,50.19565217391305,0.7608695652173914
DrawAllocation_ExcessiveMethodCalls,1,0,17294.5213075,41587.0,22955.605742499985,41567.0,2875,89,3.5869565217391304,6.8478260869565215,15.521739130434783,0.0,46.45652173913044,7.826086956521739,1.5217391304347827,241.8913043478261,16.369565217391305,47.391304347826086,50.19565217391305,51.76086956521739,4.326086956521739,0.7608695652173914,46.45652173913044,6.8478260869565215,3.5869565217391304,4.326086956521739,0.0,16.369565217391305,51.76086956521739,1.5217391304347827,15.521739130434783,241.91304347826087,7.826086956521739,47.391304347826086,50.19565217391305,0.7608695652173914
DrawAllocation_ExcessiveMethodCalls,1,0,24213.165705,41664.0,25820.061209499992,41569.0,2875,89,3.5869565217391304,6.8478260869565215,15.521739130434783,0.0,46.45652173913044,7.826086956521739,1.5217391304347827,241.8913043478261,16.369565217391305,47.391304347826086,50.19565217391305,51.76086956521739,4.326086956521739,0.7608695652173914,46.45652173913044,6.8478260869565215,3.5869565217391304,4.326086956521739,0.0,16.369565217391305,51.76086956521739,1.5217391304347827,15.521739130434783,241.91304347826087,7.826086956521739,47.391304347826086,50.19565217391305,0.7608695652173914
DrawAllocation_ExcessiveMethodCalls,1,0,15841.104735000004,42769.0,15450.861780000001,41845.0,2473,89,3.5869565217391304,6.8478260869565215,15.521739130434783,0.0,46.45652173913044,7.826086956521739,1.5217391304347827,241.8913043478261,16.369565217391305,47.391304347826086,50.19565217391305,51.76086956521739,4.326086956521739,0.7608695652173914,46.45652173913044,6.8478260869565215,3.5869565217391304,4.326086956521739,0.0,16.369565217391305,51.76086956521739,1.5217391304347827,15.521739130434783,241.91304347826087,7.826086956521739,47.391304347826086,50.19565217391305,0.7608695652173914
DrawAllocation_ExcessiveMethodCalls,1,0,15917.566362999994,42817.0,15904.016168000007,41956.0,2473,89,3.5869565217391304,6.8478260869565215,15.521739130434783,0.0,46.45652173913044,7.826086956521739,1.5217391304347827,241.8913043478261,16.369565217391305,47.391304347826086,50.19565217391305,51.76086956521739,4.326086956521739,0.7608695652173914,46.45652173913044,6.8478260869565215,3.5869565217391304,4.326086956521739,0.0,16.369565217391305,51.76086956521739,1.5217391304347827,15.521739130434783,241.91304347826087,7.826086956521739,47.391304347826086,50.19565217391305,0.7608695652173914
DrawAllocation_ExcessiveMethodCalls,1,0,15924.61971650001,42830.0,16382.366148500001,42007.0,2473,89,3.5869565217391304,6.8478260869565215,15.521739130434783,0.0,46.45652173913044,7.826086956521739,1.5217391304347827,241.8913043478261,16.369565217391305,47.391304347826086,50.19565217391305,51.76086956521739,4.326086956521739,0.7608695652173914,46.45652173913044,6.8478260869565215,3.5869565217391304,4.326086956521739,0.0,16.369565217391305,51.76086956521739,1.5217391304347827,15.521739130434783,241.91304347826087,7.826086956521739,47.391304347826086,50.19565217391305,0.7608695652173914
DrawAllocation_ExcessiveMethodCalls,1,0,16114.356106999996,42861.0,16448.560808000013,42014.0,2473,89,3.5869565217391304,6.8478260869565215,15.521739130434783,0.0,46.45652173913044,7.826086956521739,1.5217391304347827,241.8913043478261,16.369565217391305,47.391304347826086,50.19565217391305,51.76086956521739,4.326086956521739,0.7608695652173914,46.45652173913044,6.8478260869565215,3.5869565217391304,4.326086956521739,0.0,16.369565217391305,51.76086956521739,1.5217391304347827,15.521739130434783,241.91304347826087,7.826086956521739,47.391304347826086,50.19565217391305,0.7608695652173914
DrawAllocation_ExcessiveMethodCalls,1,0,16153.8869155,42870.0,17187.50206749999,42057.0,2473,89,3.5869565217391304,6.8478260869565215,15.521739130434783,0.0,46.45652173913044,7.826086956521739,1.5217391304347827,241.8913043478261,16.369565217391305,47.391304347826086,50.19565217391305,51.76086956521739,4.326086956521739,0.7608695652173914,46.45652173913044,6.8478260869565215,3.5869565217391304,4.326086956521739,0.0,16.369565217391305,51.76086956521739,1.5217391304347827,15.521739130434783,241.91304347826087,7.826086956521739,47.391304347826086,50.19565217391305,0.7608695652173914
DrawAllocation_ExcessiveMethodCalls,1,0,16202.864975999993,42870.0,17577.4918695,42064.0,2473,89,3.5869565217391304,6.8478260869565215,15.521739130434783,0.0,46.45652173913044,7.826086956521739,1.5217391304347827,241.8913043478261,16.369565217391305,47.391304347826086,50.19565217391305,51.76086956521739,4.326086956521739,0.7608695652173914,46.45652173913044,6.8478260869565215,3.5869565217391304,4.326086956521739,0.0,16.369565217391305,51.76086956521739,1.5217391304347827,15.521739130434783,241.91304347826087,7.826086956521739,47.391304347826086,50.19565217391305,0.7608695652173914
DrawAllocation_ExcessiveMethodCalls,1,0,16262.227805000006,42876.0,17642.411997000003,42067.0,2473,89,3.5869565217391304,6.8478260869565215,15.521739130434783,0.0,46.45652173913044,7.826086956521739,1.5217391304347827,241.8913043478261,16.369565217391305,47.391304347826086,50.19565217391305,51.76086956521739,4.326086956521739,0.7608695652173914,46.45652173913044,6.8478260869565215,3.5869565217391304,4.326086956521739,0.0,16.369565217391305,51.76086956521739,1.5217391304347827,15.521739130434783,241.91304347826087,7.826086956521739,47.391304347826086,50.19565217391305,0.7608695652173914
DrawAllocation_ExcessiveMethodCalls,1,0,16309.907711500016,42879.0,20648.100269,42074.0,2473,89,3.5869565217391304,6.8478260869565215,15.521739130434783,0.0,46.45652173913044,7.826086956521739,1.5217391304347827,241.8913043478261,16.369565217391305,47.391304347826086,50.19565217391305,51.76086956521739,4.326086956521739,0.7608695652173914,46.45652173913044,6.8478260869565215,3.5869565217391304,4.326086956521739,0.0,16.369565217391305,51.76086956521739,1.5217391304347827,15.521739130434783,241.91304347826087,7.826086956521739,47.391304347826086,50.19565217391305,0.7608695652173914
DrawAllocation_ExcessiveMethodCalls,1,0,16408.985022,42879.0,20726.617092000004,42079.0,2473,89,3.5869565217391304,6.8478260869565215,15.521739130434783,0.0,46.45652173913044,7.826086956521739,1.5217391304347827,241.8913043478261,16.369565217391305,47.391304347826086,50.19565217391305,51.76086956521739,4.326086956521739,0.7608695652173914,46.45652173913044,6.8478260869565215,3.5869565217391304,4.326086956521739,0.0,16.369565217391305,51.76086956521739,1.5217391304347827,15.521739130434783,241.91304347826087,7.826086956521739,47.391304347826086,50.19565217391305,0.7608695652173914
DrawAllocation_ExcessiveMethodCalls,1,0,16468.484800500002,42959.0,20881.5827155,42102.0,2473,89,3.5869565217391304,6.8478260869565215,15.521739130434783,0.0,46.45652173913044,7.826086956521739,1.5217391304347827,241.8913043478261,16.369565217391305,47.391304347826086,50.19565217391305,51.76086956521739,4.326086956521739,0.7608695652173914,46.45652173913044,6.8478260869565215,3.5869565217391304,4.326086956521739,0.0,16.369565217391305,51.76086956521739,1.5217391304347827,15.521739130434783,241.91304347826087,7.826086956521739,47.391304347826086,50.19565217391305,0.7608695652173914
DrawAllocation_ExcessiveMethodCalls,1,0,16470.84107099999,42965.0,20971.600019999998,42113.0,2473,89,3.5869565217391304,6.8478260869565215,15.521739130434783,0.0,46.45652173913044,7.826086956521739,1.5217391304347827,241.8913043478261,16.369565217391305,47.391304347826086,50.19565217391305,51.76086956521739,4.326086956521739,0.7608695652173914,46.45652173913044,6.8478260869565215,3.5869565217391304,4.326086956521739,0.0,16.369565217391305,51.76086956521739,1.5217391304347827,15.521739130434783,241.91304347826087,7.826086956521739,47.391304347826086,50.19565217391305,0.7608695652173914
DrawAllocation_ExcessiveMethodCalls,1,0,16495.399150999994,42973.0,21514.630179500004,42114.0,2473,89,3.5869565217391304,6.8478260869565215,15.521739130434783,0.0,46.45652173913044,7.826086956521739,1.5217391304347827,241.8913043478261,16.369565217391305,47.391304347826086,50.19565217391305,51.76086956521739,4.326086956521739,0.7608695652173914,46.45652173913044,6.8478260869565215,3.5869565217391304,4.326086956521739,0.0,16.369565217391305,51.76086956521739,1.5217391304347827,15.521739130434783,241.91304347826087,7.826086956521739,47.391304347826086,50.19565217391305,0.7608695652173914
DrawAllocation_ExcessiveMethodCalls,1,0,16511.731958499986,42974.0,21523.504355000012,42117.0,2473,89,3.5869565217391304,6.8478260869565215,15.521739130434783,0.0,46.45652173913044,7.826086956521739,1.5217391304347827,241.8913043478261,16.369565217391305,47.391304347826086,50.19565217391305,51.76086956521739,4.326086956521739,0.7608695652173914,46.45652173913044,6.8478260869565215,3.5869565217391304,4.326086956521739,0.0,16.369565217391305,51.76086956521739,1.5217391304347827,15.521739130434783,241.91304347826087,7.826086956521739,47.391304347826086,50.19565217391305,0.7608695652173914
DrawAllocation_ExcessiveMethodCalls,1,0,16544.599756500007,42978.0,21588.73132949999,42125.0,2473,89,3.5869565217391304,6.8478260869565215,15.521739130434783,0.0,46.45652173913044,7.826086956521739,1.5217391304347827,241.8913043478261,16.369565217391305,47.391304347826086,50.19565217391305,51.76086956521739,4.326086956521739,0.7608695652173914,46.45652173913044,6.8478260869565215,3.5869565217391304,4.326086956521739,0.0,16.369565217391305,51.76086956521739,1.5217391304347827,15.521739130434783,241.91304347826087,7.826086956521739,47.391304347826086,50.19565217391305,0.7608695652173914
DrawAllocation_ExcessiveMethodCalls,1,0,16598.086339999994,42979.0,21610.389564499983,42191.0,2473,89,3.5869565217391304,6.8478260869565215,15.521739130434783,0.0,46.45652173913044,7.826086956521739,1.5217391304347827,241.8913043478261,16.369565217391305,47.391304347826086,50.19565217391305,51.76086956521739,4.326086956521739,0.7608695652173914,46.45652173913044,6.8478260869565215,3.5869565217391304,4.326086956521739,0.0,16.369565217391305,51.76086956521739,1.5217391304347827,15.521739130434783,241.91304347826087,7.826086956521739,47.391304347826086,50.19565217391305,0.7608695652173914
DrawAllocation_ExcessiveMethodCalls,1,0,16630.389472000003,42980.0,21620.23409899999,42211.0,2473,89,3.5869565217391304,6.8478260869565215,15.521739130434783,0.0,46.45652173913044,7.826086956521739,1.5217391304347827,241.8913043478261,16.369565217391305,47.391304347826086,50.19565217391305,51.76086956521739,4.326086956521739,0.7608695652173914,46.45652173913044,6.8478260869565215,3.5869565217391304,4.326086956521739,0.0,16.369565217391305,51.76086956521739,1.5217391304347827,15.521739130434783,241.91304347826087,7.826086956521739,47.391304347826086,50.19565217391305,0.7608695652173914
DrawAllocation_ExcessiveMethodCalls,1,0,16639.551499499994,42980.0,21734.880189500003,42274.0,2473,89,3.5869565217391304,6.8478260869565215,15.521739130434783,0.0,46.45652173913044,7.826086956521739,1.5217391304347827,241.8913043478261,16.369565217391305,47.391304347826086,50.19565217391305,51.76086956521739,4.326086956521739,0.7608695652173914,46.45652173913044,6.8478260869565215,3.5869565217391304,4.326086956521739,0.0,16.369565217391305,51.76086956521739,1.5217391304347827,15.521739130434783,241.91304347826087,7.826086956521739,47.391304347826086,50.19565217391305,0.7608695652173914
DrawAllocation_ExcessiveMethodCalls,1,0,16824.88702099999,42983.0,21820.671040499987,42363.0,2473,89,3.5869565217391304,6.8478260869565215,15.521739130434783,0.0,46.45652173913044,7.826086956521739,1.5217391304347827,241.8913043478261,16.369565217391305,47.391304347826086,50.19565217391305,51.76086956521739,4.326086956521739,0.7608695652173914,46.45652173913044,6.8478260869565215,3.5869565217391304,4.326086956521739,0.0,16.369565217391305,51.76086956521739,1.5217391304347827,15.521739130434783,241.91304347826087,7.826086956521739,47.391304347826086,50.19565217391305,0.7608695652173914
DrawAllocation_ExcessiveMethodCalls,1,0,16844.889611000013,42990.0,22068.41500199999,42765.0,2473,89,3.5869565217391304,6.8478260869565215,15.521739130434783,0.0,46.45652173913044,7.826086956521739,1.5217391304347827,241.8913043478261,16.369565217391305,47.391304347826086,50.19565217391305,51.76086956521739,4.326086956521739,0.7608695652173914,46.45652173913044,6.8478260869565215,3.5869565217391304,4.326086956521739,0.0,16.369565217391305,51.76086956521739,1.5217391304347827,15.521739130434783,241.91304347826087,7.826086956521739,47.391304347826086,50.19565217391305,0.7608695652173914
DrawAllocation_ExcessiveMethodCalls,1,0,17039.503672500014,43048.0,22068.5223605,42876.0,2473,89,3.5869565217391304,6.8478260869565215,15.521739130434783,0.0,46.45652173913044,7.826086956521739,1.5217391304347827,241.8913043478261,16.369565217391305,47.391304347826086,50.19565217391305,51.76086956521739,4.326086956521739,0.7608695652173914,46.45652173913044,6.8478260869565215,3.5869565217391304,4.326086956521739,0.0,16.369565217391305,51.76086956521739,1.5217391304347827,15.521739130434783,241.91304347826087,7.826086956521739,47.391304347826086,50.19565217391305,0.7608695652173914
DrawAllocation_ExcessiveMethodCalls,1,0,17090.768612499985,43061.0,22213.848123000007,42920.0,2473,89,3.5869565217391304,6.8478260869565215,15.521739130434783,0.0,46.45652173913044,7.826086956521739,1.5217391304347827,241.8913043478261,16.369565217391305,47.391304347826086,50.19565217391305,51.76086956521739,4.326086956521739,0.7608695652173914,46.45652173913044,6.8478260869565215,3.5869565217391304,4.326086956521739,0.0,16.369565217391305,51.76086956521739,1.5217391304347827,15.521739130434783,241.91304347826087,7.826086956521739,47.391304347826086,50.19565217391305,0.7608695652173914
DrawAllocation_ExcessiveMethodCalls,1,0,17099.462750499995,43073.0,22584.580034499995,42928.0,2473,89,3.5869565217391304,6.8478260869565215,15.521739130434783,0.0,46.45652173913044,7.826086956521739,1.5217391304347827,241.8913043478261,16.369565217391305,47.391304347826086,50.19565217391305,51.76086956521739,4.326086956521739,0.7608695652173914,46.45652173913044,6.8478260869565215,3.5869565217391304,4.326086956521739,0.0,16.369565217391305,51.76086956521739,1.5217391304347827,15.521739130434783,241.91304347826087,7.826086956521739,47.391304347826086,50.19565217391305,0.7608695652173914
DrawAllocation_ExcessiveMethodCalls,1,0,17333.233463499975,43075.0,22806.956860000002,42973.0,2473,89,3.5869565217391304,6.8478260869565215,15.521739130434783,0.0,46.45652173913044,7.826086956521739,1.5217391304347827,241.8913043478261,16.369565217391305,47.391304347826086,50.19565217391305,51.76086956521739,4.326086956521739,0.7608695652173914,46.45652173913044,6.8478260869565215,3.5869565217391304,4.326086956521739,0.0,16.369565217391305,51.76086956521739,1.5217391304347827,15.521739130434783,241.91304347826087,7.826086956521739,47.391304347826086,50.19565217391305,0.7608695652173914
DrawAllocation_ExcessiveMethodCalls,1,0,17462.07517250002,43186.0,22949.366746500007,42977.0,2473,89,3.5869565217391304,6.8478260869565215,15.521739130434783,0.0,46.45652173913044,7.826086956521739,1.5217391304347827,241.8913043478261,16.369565217391305,47.391304347826086,50.19565217391305,51.76086956521739,4.326086956521739,0.7608695652173914,46.45652173913044,6.8478260869565215,3.5869565217391304,4.326086956521739,0.0,16.369565217391305,51.76086956521739,1.5217391304347827,15.521739130434783,241.91304347826087,7.826086956521739,47.391304347826086,50.19565217391305,0.7608695652173914
DrawAllocation_ExcessiveMethodCalls,1,0,17999.840994500013,43218.0,23050.771278500004,43160.0,2473,89,3.5869565217391304,6.8478260869565215,15.521739130434783,0.0,46.45652173913044,7.826086956521739,1.5217391304347827,241.8913043478261,16.369565217391305,47.391304347826086,50.19565217391305,51.76086956521739,4.326086956521739,0.7608695652173914,46.45652173913044,6.8478260869565215,3.5869565217391304,4.326086956521739,0.0,16.369565217391305,51.76086956521739,1.5217391304347827,15.521739130434783,241.91304347826087,7.826086956521739,47.391304347826086,50.19565217391305,0.7608695652173914
DrawAllocation_ExcessiveMethodCalls,1,0,18824.75676500001,50208.0,19354.21219300001,49593.0,2492,89,3.5869565217391304,6.8478260869565215,15.521739130434783,0.0,46.45652173913044,7.826086956521739,1.5217391304347827,241.8913043478261,16.369565217391305,47.391304347826086,50.19565217391305,51.76086956521739,4.326086956521739,0.7608695652173914,46.45652173913044,6.8478260869565215,3.5869565217391304,4.326086956521739,0.0,16.369565217391305,51.76086956521739,1.5217391304347827,15.521739130434783,241.91304347826087,7.826086956521739,47.391304347826086,50.19565217391305,0.7608695652173914
DrawAllocation_ExcessiveMethodCalls,1,0,18989.34436850001,50396.0,19361.141795999993,49699.0,2492,89,3.5869565217391304,6.8478260869565215,15.521739130434783,0.0,46.45652173913044,7.826086956521739,1.5217391304347827,241.8913043478261,16.369565217391305,47.391304347826086,50.19565217391305,51.76086956521739,4.326086956521739,0.7608695652173914,46.45652173913044,6.8478260869565215,3.5869565217391304,4.326086956521739,0.0,16.369565217391305,51.76086956521739,1.5217391304347827,15.521739130434783,241.91304347826087,7.826086956521739,47.391304347826086,50.19565217391305,0.7608695652173914
DrawAllocation_ExcessiveMethodCalls,1,0,19146.06781600002,50400.0,19406.2317585,49700.0,2492,89,3.5869565217391304,6.8478260869565215,15.521739130434783,0.0,46.45652173913044,7.826086956521739,1.5217391304347827,241.8913043478261,16.369565217391305,47.391304347826086,50.19565217391305,51.76086956521739,4.326086956521739,0.7608695652173914,46.45652173913044,6.8478260869565215,3.5869565217391304,4.326086956521739,0.0,16.369565217391305,51.76086956521739,1.5217391304347827,15.521739130434783,241.91304347826087,7.826086956521739,47.391304347826086,50.19565217391305,0.7608695652173914
DrawAllocation_ExcessiveMethodCalls,1,0,19211.411332999996,50402.0,19434.62272,49707.0,2492,89,3.5869565217391304,6.8478260869565215,15.521739130434783,0.0,46.45652173913044,7.826086956521739,1.5217391304347827,241.8913043478261,16.369565217391305,47.391304347826086,50.19565217391305,51.76086956521739,4.326086956521739,0.7608695652173914,46.45652173913044,6.8478260869565215,3.5869565217391304,4.326086956521739,0.0,16.369565217391305,51.76086956521739,1.5217391304347827,15.521739130434783,241.91304347826087,7.826086956521739,47.391304347826086,50.19565217391305,0.7608695652173914
DrawAllocation_ExcessiveMethodCalls,1,0,19232.311806500013,50412.0,19525.01877749998,49742.0,2492,89,3.5869565217391304,6.8478260869565215,15.521739130434783,0.0,46.45652173913044,7.826086956521739,1.5217391304347827,241.8913043478261,16.369565217391305,47.391304347826086,50.19565217391305,51.76086956521739,4.326086956521739,0.7608695652173914,46.45652173913044,6.8478260869565215,3.5869565217391304,4.326086956521739,0.0,16.369565217391305,51.76086956521739,1.5217391304347827,15.521739130434783,241.91304347826087,7.826086956521739,47.391304347826086,50.19565217391305,0.7608695652173914
DrawAllocation_ExcessiveMethodCalls,1,0,19262.42454100001,50414.0,19628.778581500002,49798.0,2492,89,3.5869565217391304,6.8478260869565215,15.521739130434783,0.0,46.45652173913044,7.826086956521739,1.5217391304347827,241.8913043478261,16.369565217391305,47.391304347826086,50.19565217391305,51.76086956521739,4.326086956521739,0.7608695652173914,46.45652173913044,6.8478260869565215,3.5869565217391304,4.326086956521739,0.0,16.369565217391305,51.76086956521739,1.5217391304347827,15.521739130434783,241.91304347826087,7.826086956521739,47.391304347826086,50.19565217391305,0.7608695652173914
DrawAllocation_ExcessiveMethodCalls,1,0,19359.1983795,50417.0,19669.21127300002,50359.0,2492,89,3.5869565217391304,6.8478260869565215,15.521739130434783,0.0,46.45652173913044,7.826086956521739,1.5217391304347827,241.8913043478261,16.369565217391305,47.391304347826086,50.19565217391305,51.76086956521739,4.326086956521739,0.7608695652173914,46.45652173913044,6.8478260869565215,3.5869565217391304,4.326086956521739,0.0,16.369565217391305,51.76086956521739,1.5217391304347827,15.521739130434783,241.91304347826087,7.826086956521739,47.391304347826086,50.19565217391305,0.7608695652173914
DrawAllocation_ExcessiveMethodCalls,1,0,19374.653062499998,50465.0,19703.21599000001,50397.0,2492,89,3.5869565217391304,6.8478260869565215,15.521739130434783,0.0,46.45652173913044,7.826086956521739,1.5217391304347827,241.8913043478261,16.369565217391305,47.391304347826086,50.19565217391305,51.76086956521739,4.326086956521739,0.7608695652173914,46.45652173913044,6.8478260869565215,3.5869565217391304,4.326086956521739,0.0,16.369565217391305,51.76086956521739,1.5217391304347827,15.521739130434783,241.91304347826087,7.826086956521739,47.391304347826086,50.19565217391305,0.7608695652173914
DrawAllocation_ExcessiveMethodCalls,1,0,19399.53043699999,50501.0,19707.981877500013,50400.0,2492,89,3.5869565217391304,6.8478260869565215,15.521739130434783,0.0,46.45652173913044,7.826086956521739,1.5217391304347827,241.8913043478261,16.369565217391305,47.391304347826086,50.19565217391305,51.76086956521739,4.326086956521739,0.7608695652173914,46.45652173913044,6.8478260869565215,3.5869565217391304,4.326086956521739,0.0,16.369565217391305,51.76086956521739,1.5217391304347827,15.521739130434783,241.91304347826087,7.826086956521739,47.391304347826086,50.19565217391305,0.7608695652173914
DrawAllocation_ExcessiveMethodCalls,1,0,19417.730966499996,50508.0,19930.83027950003,50419.0,2492,89,3.5869565217391304,6.8478260869565215,15.521739130434783,0.0,46.45652173913044,7.826086956521739,1.5217391304347827,241.8913043478261,16.369565217391305,47.391304347826086,50.19565217391305,51.76086956521739,4.326086956521739,0.7608695652173914,46.45652173913044,6.8478260869565215,3.5869565217391304,4.326086956521739,0.0,16.369565217391305,51.76086956521739,1.5217391304347827,15.521739130434783,241.91304347826087,7.826086956521739,47.391304347826086,50.19565217391305,0.7608695652173914
DrawAllocation_ExcessiveMethodCalls,1,0,19532.672620999998,50513.0,19947.94061,50426.0,2492,89,3.5869565217391304,6.8478260869565215,15.521739130434783,0.0,46.45652173913044,7.826086956521739,1.5217391304347827,241.8913043478261,16.369565217391305,47.391304347826086,50.19565217391305,51.76086956521739,4.326086956521739,0.7608695652173914,46.45652173913044,6.8478260869565215,3.5869565217391304,4.326086956521739,0.0,16.369565217391305,51.76086956521739,1.5217391304347827,15.521739130434783,241.91304347826087,7.826086956521739,47.391304347826086,50.19565217391305,0.7608695652173914
DrawAllocation_ExcessiveMethodCalls,1,0,19739.409239000004,50518.0,20092.20962799997,50438.0,2492,89,3.5869565217391304,6.8478260869565215,15.521739130434783,0.0,46.45652173913044,7.826086956521739,1.5217391304347827,241.8913043478261,16.369565217391305,47.391304347826086,50.19565217391305,51.76086956521739,4.326086956521739,0.7608695652173914,46.45652173913044,6.8478260869565215,3.5869565217391304,4.326086956521739,0.0,16.369565217391305,51.76086956521739,1.5217391304347827,15.521739130434783,241.91304347826087,7.826086956521739,47.391304347826086,50.19565217391305,0.7608695652173914
DrawAllocation_ExcessiveMethodCalls,1,0,19833.2315565,50560.0,20104.029195499992,50502.0,2492,89,3.5869565217391304,6.8478260869565215,15.521739130434783,0.0,46.45652173913044,7.826086956521739,1.5217391304347827,241.8913043478261,16.369565217391305,47.391304347826086,50.19565217391305,51.76086956521739,4.326086956521739,0.7608695652173914,46.45652173913044,6.8478260869565215,3.5869565217391304,4.326086956521739,0.0,16.369565217391305,51.76086956521739,1.5217391304347827,15.521739130434783,241.91304347826087,7.826086956521739,47.391304347826086,50.19565217391305,0.7608695652173914
DrawAllocation_ExcessiveMethodCalls,1,0,19843.108875500016,50560.0,20127.35027550001,50508.0,2492,89,3.5869565217391304,6.8478260869565215,15.521739130434783,0.0,46.45652173913044,7.826086956521739,1.5217391304347827,241.8913043478261,16.369565217391305,47.391304347826086,50.19565217391305,51.76086956521739,4.326086956521739,0.7608695652173914,46.45652173913044,6.8478260869565215,3.5869565217391304,4.326086956521739,0.0,16.369565217391305,51.76086956521739,1.5217391304347827,15.521739130434783,241.91304347826087,7.826086956521739,47.391304347826086,50.19565217391305,0.7608695652173914
DrawAllocation_ExcessiveMethodCalls,1,0,19852.79255649998,50562.0,20144.301577000013,50515.0,2492,89,3.5869565217391304,6.8478260869565215,15.521739130434783,0.0,46.45652173913044,7.826086956521739,1.5217391304347827,241.8913043478261,16.369565217391305,47.391304347826086,50.19565217391305,51.76086956521739,4.326086956521739,0.7608695652173914,46.45652173913044,6.8478260869565215,3.5869565217391304,4.326086956521739,0.0,16.369565217391305,51.76086956521739,1.5217391304347827,15.521739130434783,241.91304347826087,7.826086956521739,47.391304347826086,50.19565217391305,0.7608695652173914
DrawAllocation_ExcessiveMethodCalls,1,0,19887.01915850001,50595.0,20162.032787499997,50520.0,2492,89,3.5869565217391304,6.8478260869565215,15.521739130434783,0.0,46.45652173913044,7.826086956521739,1.5217391304347827,241.8913043478261,16.369565217391305,47.391304347826086,50.19565217391305,51.76086956521739,4.326086956521739,0.7608695652173914,46.45652173913044,6.8478260869565215,3.5869565217391304,4.326086956521739,0.0,16.369565217391305,51.76086956521739,1.5217391304347827,15.521739130434783,241.91304347826087,7.826086956521739,47.391304347826086,50.19565217391305,0.7608695652173914
DrawAllocation_ExcessiveMethodCalls,1,0,19948.56113500001,50597.0,20303.71714400002,50564.0,2492,89,3.5869565217391304,6.8478260869565215,15.521739130434783,0.0,46.45652173913044,7.826086956521739,1.5217391304347827,241.8913043478261,16.369565217391305,47.391304347826086,50.19565217391305,51.76086956521739,4.326086956521739,0.7608695652173914,46.45652173913044,6.8478260869565215,3.5869565217391304,4.326086956521739,0.0,16.369565217391305,51.76086956521739,1.5217391304347827,15.521739130434783,241.91304347826087,7.826086956521739,47.391304347826086,50.19565217391305,0.7608695652173914
DrawAllocation_ExcessiveMethodCalls,1,0,20028.638320499984,50602.0,20713.271405500014,50589.0,2492,89,3.5869565217391304,6.8478260869565215,15.521739130434783,0.0,46.45652173913044,7.826086956521739,1.5217391304347827,241.8913043478261,16.369565217391305,47.391304347826086,50.19565217391305,51.76086956521739,4.326086956521739,0.7608695652173914,46.45652173913044,6.8478260869565215,3.5869565217391304,4.326086956521739,0.0,16.369565217391305,51.76086956521739,1.5217391304347827,15.521739130434783,241.91304347826087,7.826086956521739,47.391304347826086,50.19565217391305,0.7608695652173914
DrawAllocation_ExcessiveMethodCalls,1,0,20031.202506999995,50603.0,21085.012793,50597.0,2492,89,3.5869565217391304,6.8478260869565215,15.521739130434783,0.0,46.45652173913044,7.826086956521739,1.5217391304347827,241.8913043478261,16.369565217391305,47.391304347826086,50.19565217391305,51.76086956521739,4.326086956521739,0.7608695652173914,46.45652173913044,6.8478260869565215,3.5869565217391304,4.326086956521739,0.0,16.369565217391305,51.76086956521739,1.5217391304347827,15.521739130434783,241.91304347826087,7.826086956521739,47.391304347826086,50.19565217391305,0.7608695652173914
DrawAllocation_ExcessiveMethodCalls,1,0,20142.686407500012,50605.0,25281.200525499975,50602.0,2492,89,3.5869565217391304,6.8478260869565215,15.521739130434783,0.0,46.45652173913044,7.826086956521739,1.5217391304347827,241.8913043478261,16.369565217391305,47.391304347826086,50.19565217391305,51.76086956521739,4.326086956521739,0.7608695652173914,46.45652173913044,6.8478260869565215,3.5869565217391304,4.326086956521739,0.0,16.369565217391305,51.76086956521739,1.5217391304347827,15.521739130434783,241.91304347826087,7.826086956521739,47.391304347826086,50.19565217391305,0.7608695652173914
DrawAllocation_ExcessiveMethodCalls,1,0,20170.619960499982,50606.0,25304.997457500016,50610.0,2492,89,3.5869565217391304,6.8478260869565215,15.521739130434783,0.0,46.45652173913044,7.826086956521739,1.5217391304347827,241.8913043478261,16.369565217391305,47.391304347826086,50.19565217391305,51.76086956521739,4.326086956521739,0.7608695652173914,46.45652173913044,6.8478260869565215,3.5869565217391304,4.326086956521739,0.0,16.369565217391305,51.76086956521739,1.5217391304347827,15.521739130434783,241.91304347826087,7.826086956521739,47.391304347826086,50.19565217391305,0.7608695652173914
DrawAllocation_ExcessiveMethodCalls,1,0,20240.912026500006,50609.0,25912.52172900001,50614.0,2492,89,3.5869565217391304,6.8478260869565215,15.521739130434783,0.0,46.45652173913044,7.826086956521739,1.5217391304347827,241.8913043478261,16.369565217391305,47.391304347826086,50.19565217391305,51.76086956521739,4.326086956521739,0.7608695652173914,46.45652173913044,6.8478260869565215,3.5869565217391304,4.326086956521739,0.0,16.369565217391305,51.76086956521739,1.5217391304347827,15.521739130434783,241.91304347826087,7.826086956521739,47.391304347826086,50.19565217391305,0.7608695652173914
DrawAllocation_ExcessiveMethodCalls,1,0,20451.090070000017,50612.0,26039.536771499974,50615.0,2492,89,3.5869565217391304,6.8478260869565215,15.521739130434783,0.0,46.45652173913044,7.826086956521739,1.5217391304347827,241.8913043478261,16.369565217391305,47.391304347826086,50.19565217391305,51.76086956521739,4.326086956521739,0.7608695652173914,46.45652173913044,6.8478260869565215,3.5869565217391304,4.326086956521739,0.0,16.369565217391305,51.76086956521739,1.5217391304347827,15.521739130434783,241.91304347826087,7.826086956521739,47.391304347826086,50.19565217391305,0.7608695652173914
DrawAllocation_ExcessiveMethodCalls,1,0,21059.064739999998,50725.0,26125.513535500002,50690.0,2492,89,3.5869565217391304,6.8478260869565215,15.521739130434783,0.0,46.45652173913044,7.826086956521739,1.5217391304347827,241.8913043478261,16.369565217391305,47.391304347826086,50.19565217391305,51.76086956521739,4.326086956521739,0.7608695652173914,46.45652173913044,6.8478260869565215,3.5869565217391304,4.326086956521739,0.0,16.369565217391305,51.76086956521739,1.5217391304347827,15.521739130434783,241.91304347826087,7.826086956521739,47.391304347826086,50.19565217391305,0.7608695652173914
DrawAllocation_ExcessiveMethodCalls,1,0,23606.746914000003,51303.0,27857.534561999986,50710.0,2492,89,3.5869565217391304,6.8478260869565215,15.521739130434783,0.0,46.45652173913044,7.826086956521739,1.5217391304347827,241.8913043478261,16.369565217391305,47.391304347826086,50.19565217391305,51.76086956521739,4.326086956521739,0.7608695652173914,46.45652173913044,6.8478260869565215,3.5869565217391304,4.326086956521739,0.0,16.369565217391305,51.76086956521739,1.5217391304347827,15.521739130434783,241.91304347826087,7.826086956521739,47.391304347826086,50.19565217391305,0.7608695652173914
DrawAllocation_ExcessiveMethodCalls,1,0,21385.672217999992,60885.0,21671.929335000004,60088.0,2517,89,3.5869565217391304,6.8478260869565215,15.521739130434783,0.0,46.45652173913044,7.826086956521739,1.5217391304347827,241.8913043478261,16.369565217391305,47.391304347826086,50.19565217391305,51.76086956521739,4.326086956521739,0.7608695652173914,46.45652173913044,6.8478260869565215,3.5869565217391304,4.326086956521739,0.0,16.369565217391305,51.76086956521739,1.5217391304347827,15.521739130434783,241.91304347826087,7.826086956521739,47.391304347826086,50.19565217391305,0.7608695652173914
DrawAllocation_ExcessiveMethodCalls,1,0,21388.30682100001,60907.0,22167.82661249999,60101.0,2517,89,3.5869565217391304,6.8478260869565215,15.521739130434783,0.0,46.45652173913044,7.826086956521739,1.5217391304347827,241.8913043478261,16.369565217391305,47.391304347826086,50.19565217391305,51.76086956521739,4.326086956521739,0.7608695652173914,46.45652173913044,6.8478260869565215,3.5869565217391304,4.326086956521739,0.0,16.369565217391305,51.76086956521739,1.5217391304347827,15.521739130434783,241.91304347826087,7.826086956521739,47.391304347826086,50.19565217391305,0.7608695652173914
DrawAllocation_ExcessiveMethodCalls,1,0,21444.153326999996,60936.0,22266.993062499987,60190.0,2517,89,3.5869565217391304,6.8478260869565215,15.521739130434783,0.0,46.45652173913044,7.826086956521739,1.5217391304347827,241.8913043478261,16.369565217391305,47.391304347826086,50.19565217391305,51.76086956521739,4.326086956521739,0.7608695652173914,46.45652173913044,6.8478260869565215,3.5869565217391304,4.326086956521739,0.0,16.369565217391305,51.76086956521739,1.5217391304347827,15.521739130434783,241.91304347826087,7.826086956521739,47.391304347826086,50.19565217391305,0.7608695652173914
DrawAllocation_ExcessiveMethodCalls,1,0,21462.189121,60939.0,22305.48000899999,60240.0,2517,89,3.5869565217391304,6.8478260869565215,15.521739130434783,0.0,46.45652173913044,7.826086956521739,1.5217391304347827,241.8913043478261,16.369565217391305,47.391304347826086,50.19565217391305,51.76086956521739,4.326086956521739,0.7608695652173914,46.45652173913044,6.8478260869565215,3.5869565217391304,4.326086956521739,0.0,16.369565217391305,51.76086956521739,1.5217391304347827,15.521739130434783,241.91304347826087,7.826086956521739,47.391304347826086,50.19565217391305,0.7608695652173914
DrawAllocation_ExcessiveMethodCalls,1,0,21501.209302999985,60954.0,22338.533946000007,60240.0,2517,89,3.5869565217391304,6.8478260869565215,15.521739130434783,0.0,46.45652173913044,7.826086956521739,1.5217391304347827,241.8913043478261,16.369565217391305,47.391304347826086,50.19565217391305,51.76086956521739,4.326086956521739,0.7608695652173914,46.45652173913044,6.8478260869565215,3.5869565217391304,4.326086956521739,0.0,16.369565217391305,51.76086956521739,1.5217391304347827,15.521739130434783,241.91304347826087,7.826086956521739,47.391304347826086,50.19565217391305,0.7608695652173914
DrawAllocation_ExcessiveMethodCalls,1,0,21544.960170499977,60993.0,22377.688579499994,60243.0,2517,89,3.5869565217391304,6.8478260869565215,15.521739130434783,0.0,46.45652173913044,7.826086956521739,1.5217391304347827,241.8913043478261,16.369565217391305,47.391304347826086,50.19565217391305,51.76086956521739,4.326086956521739,0.7608695652173914,46.45652173913044,6.8478260869565215,3.5869565217391304,4.326086956521739,0.0,16.369565217391305,51.76086956521739,1.5217391304347827,15.521739130434783,241.91304347826087,7.826086956521739,47.391304347826086,50.19565217391305,0.7608695652173914
DrawAllocation_ExcessiveMethodCalls,1,0,21588.72559200001,61001.0,22634.01874150001,60322.0,2517,89,3.5869565217391304,6.8478260869565215,15.521739130434783,0.0,46.45652173913044,7.826086956521739,1.5217391304347827,241.8913043478261,16.369565217391305,47.391304347826086,50.19565217391305,51.76086956521739,4.326086956521739,0.7608695652173914,46.45652173913044,6.8478260869565215,3.5869565217391304,4.326086956521739,0.0,16.369565217391305,51.76086956521739,1.5217391304347827,15.521739130434783,241.91304347826087,7.826086956521739,47.391304347826086,50.19565217391305,0.7608695652173914
DrawAllocation_ExcessiveMethodCalls,1,0,21635.121409499992,61017.0,22923.68456450001,60322.0,2517,89,3.5869565217391304,6.8478260869565215,15.521739130434783,0.0,46.45652173913044,7.826086956521739,1.5217391304347827,241.8913043478261,16.369565217391305,47.391304347826086,50.19565217391305,51.76086956521739,4.326086956521739,0.7608695652173914,46.45652173913044,6.8478260869565215,3.5869565217391304,4.326086956521739,0.0,16.369565217391305,51.76086956521739,1.5217391304347827,15.521739130434783,241.91304347826087,7.826086956521739,47.391304347826086,50.19565217391305,0.7608695652173914
DrawAllocation_ExcessiveMethodCalls,1,0,21655.796586000004,61032.0,22932.865420000002,60328.0,2517,89,3.5869565217391304,6.8478260869565215,15.521739130434783,0.0,46.45652173913044,7.826086956521739,1.5217391304347827,241.8913043478261,16.369565217391305,47.391304347826086,50.19565217391305,51.76086956521739,4.326086956521739,0.7608695652173914,46.45652173913044,6.8478260869565215,3.5869565217391304,4.326086956521739,0.0,16.369565217391305,51.76086956521739,1.5217391304347827,15.521739130434783,241.91304347826087,7.826086956521739,47.391304347826086,50.19565217391305,0.7608695652173914
DrawAllocation_ExcessiveMethodCalls,1,0,21688.519674999985,61041.0,22967.356009500007,60703.0,2517,89,3.5869565217391304,6.8478260869565215,15.521739130434783,0.0,46.45652173913044,7.826086956521739,1.5217391304347827,241.8913043478261,16.369565217391305,47.391304347826086,50.19565217391305,51.76086956521739,4.326086956521739,0.7608695652173914,46.45652173913044,6.8478260869565215,3.5869565217391304,4.326086956521739,0.0,16.369565217391305,51.76086956521739,1.5217391304347827,15.521739130434783,241.91304347826087,7.826086956521739,47.391304347826086,50.19565217391305,0.7608695652173914
DrawAllocation_ExcessiveMethodCalls,1,0,21747.39598699999,61045.0,23091.713345000022,60837.0,2517,89,3.5869565217391304,6.8478260869565215,15.521739130434783,0.0,46.45652173913044,7.826086956521739,1.5217391304347827,241.8913043478261,16.369565217391305,47.391304347826086,50.19565217391305,51.76086956521739,4.326086956521739,0.7608695652173914,46.45652173913044,6.8478260869565215,3.5869565217391304,4.326086956521739,0.0,16.369565217391305,51.76086956521739,1.5217391304347827,15.521739130434783,241.91304347826087,7.826086956521739,47.391304347826086,50.19565217391305,0.7608695652173914
DrawAllocation_ExcessiveMethodCalls,1,0,21812.043737499993,61051.0,23137.62867799999,60916.0,2517,89,3.5869565217391304,6.8478260869565215,15.521739130434783,0.0,46.45652173913044,7.826086956521739,1.5217391304347827,241.8913043478261,16.369565217391305,47.391304347826086,50.19565217391305,51.76086956521739,4.326086956521739,0.7608695652173914,46.45652173913044,6.8478260869565215,3.5869565217391304,4.326086956521739,0.0,16.369565217391305,51.76086956521739,1.5217391304347827,15.521739130434783,241.91304347826087,7.826086956521739,47.391304347826086,50.19565217391305,0.7608695652173914
DrawAllocation_ExcessiveMethodCalls,1,0,21848.68706399998,61079.0,23260.52277599998,60924.0,2517,89,3.5869565217391304,6.8478260869565215,15.521739130434783,0.0,46.45652173913044,7.826086956521739,1.5217391304347827,241.8913043478261,16.369565217391305,47.391304347826086,50.19565217391305,51.76086956521739,4.326086956521739,0.7608695652173914,46.45652173913044,6.8478260869565215,3.5869565217391304,4.326086956521739,0.0,16.369565217391305,51.76086956521739,1.5217391304347827,15.521739130434783,241.91304347826087,7.826086956521739,47.391304347826086,50.19565217391305,0.7608695652173914
DrawAllocation_ExcessiveMethodCalls,1,0,21917.207791999997,61081.0,23265.830129000016,60928.0,2517,89,3.5869565217391304,6.8478260869565215,15.521739130434783,0.0,46.45652173913044,7.826086956521739,1.5217391304347827,241.8913043478261,16.369565217391305,47.391304347826086,50.19565217391305,51.76086956521739,4.326086956521739,0.7608695652173914,46.45652173913044,6.8478260869565215,3.5869565217391304,4.326086956521739,0.0,16.369565217391305,51.76086956521739,1.5217391304347827,15.521739130434783,241.91304347826087,7.826086956521739,47.391304347826086,50.19565217391305,0.7608695652173914
DrawAllocation_ExcessiveMethodCalls,1,0,21944.904088999992,61093.0,23571.835989499967,60943.0,2517,89,3.5869565217391304,6.8478260869565215,15.521739130434783,0.0,46.45652173913044,7.826086956521739,1.5217391304347827,241.8913043478261,16.369565217391305,47.391304347826086,50.19565217391305,51.76086956521739,4.326086956521739,0.7608695652173914,46.45652173913044,6.8478260869565215,3.5869565217391304,4.326086956521739,0.0,16.369565217391305,51.76086956521739,1.5217391304347827,15.521739130434783,241.91304347826087,7.826086956521739,47.391304347826086,50.19565217391305,0.7608695652173914
DrawAllocation_ExcessiveMethodCalls,1,0,21967.15294399998,61094.0,23735.775789999985,60944.0,2517,89,3.5869565217391304,6.8478260869565215,15.521739130434783,0.0,46.45652173913044,7.826086956521739,1.5217391304347827,241.8913043478261,16.369565217391305,47.391304347826086,50.19565217391305,51.76086956521739,4.326086956521739,0.7608695652173914,46.45652173913044,6.8478260869565215,3.5869565217391304,4.326086956521739,0.0,16.369565217391305,51.76086956521739,1.5217391304347827,15.521739130434783,241.91304347826087,7.826086956521739,47.391304347826086,50.19565217391305,0.7608695652173914
DrawAllocation_ExcessiveMethodCalls,1,0,21987.183981000024,61099.0,28766.564261999993,61002.0,2517,89,3.5869565217391304,6.8478260869565215,15.521739130434783,0.0,46.45652173913044,7.826086956521739,1.5217391304347827,241.8913043478261,16.369565217391305,47.391304347826086,50.19565217391305,51.76086956521739,4.326086956521739,0.7608695652173914,46.45652173913044,6.8478260869565215,3.5869565217391304,4.326086956521739,0.0,16.369565217391305,51.76086956521739,1.5217391304347827,15.521739130434783,241.91304347826087,7.826086956521739,47.391304347826086,50.19565217391305,0.7608695652173914
DrawAllocation_ExcessiveMethodCalls,1,0,21989.468569999986,61111.0,29006.99379749999,61011.0,2517,89,3.5869565217391304,6.8478260869565215,15.521739130434783,0.0,46.45652173913044,7.826086956521739,1.5217391304347827,241.8913043478261,16.369565217391305,47.391304347826086,50.19565217391305,51.76086956521739,4.326086956521739,0.7608695652173914,46.45652173913044,6.8478260869565215,3.5869565217391304,4.326086956521739,0.0,16.369565217391305,51.76086956521739,1.5217391304347827,15.521739130434783,241.91304347826087,7.826086956521739,47.391304347826086,50.19565217391305,0.7608695652173914
DrawAllocation_ExcessiveMethodCalls,1,0,22321.29373699998,61113.0,29271.265349499994,61014.0,2517,89,3.5869565217391304,6.8478260869565215,15.521739130434783,0.0,46.45652173913044,7.826086956521739,1.5217391304347827,241.8913043478261,16.369565217391305,47.391304347826086,50.19565217391305,51.76086956521739,4.326086956521739,0.7608695652173914,46.45652173913044,6.8478260869565215,3.5869565217391304,4.326086956521739,0.0,16.369565217391305,51.76086956521739,1.5217391304347827,15.521739130434783,241.91304347826087,7.826086956521739,47.391304347826086,50.19565217391305,0.7608695652173914
DrawAllocation_ExcessiveMethodCalls,1,0,22478.9285115,61130.0,29316.27989549998,61042.0,2517,89,3.5869565217391304,6.8478260869565215,15.521739130434783,0.0,46.45652173913044,7.826086956521739,1.5217391304347827,241.8913043478261,16.369565217391305,47.391304347826086,50.19565217391305,51.76086956521739,4.326086956521739,0.7608695652173914,46.45652173913044,6.8478260869565215,3.5869565217391304,4.326086956521739,0.0,16.369565217391305,51.76086956521739,1.5217391304347827,15.521739130434783,241.91304347826087,7.826086956521739,47.391304347826086,50.19565217391305,0.7608695652173914
DrawAllocation_ExcessiveMethodCalls,1,0,22742.781687,61150.0,29408.563914499988,61045.0,2517,89,3.5869565217391304,6.8478260869565215,15.521739130434783,0.0,46.45652173913044,7.826086956521739,1.5217391304347827,241.8913043478261,16.369565217391305,47.391304347826086,50.19565217391305,51.76086956521739,4.326086956521739,0.7608695652173914,46.45652173913044,6.8478260869565215,3.5869565217391304,4.326086956521739,0.0,16.369565217391305,51.76086956521739,1.5217391304347827,15.521739130434783,241.91304347826087,7.826086956521739,47.391304347826086,50.19565217391305,0.7608695652173914
DrawAllocation_ExcessiveMethodCalls,1,0,23016.895716500017,61155.0,29541.86150149998,61047.0,2517,89,3.5869565217391304,6.8478260869565215,15.521739130434783,0.0,46.45652173913044,7.826086956521739,1.5217391304347827,241.8913043478261,16.369565217391305,47.391304347826086,50.19565217391305,51.76086956521739,4.326086956521739,0.7608695652173914,46.45652173913044,6.8478260869565215,3.5869565217391304,4.326086956521739,0.0,16.369565217391305,51.76086956521739,1.5217391304347827,15.521739130434783,241.91304347826087,7.826086956521739,47.391304347826086,50.19565217391305,0.7608695652173914
DrawAllocation_ExcessiveMethodCalls,1,0,23052.628440000015,61228.0,30262.633536000012,61116.0,2517,89,3.5869565217391304,6.8478260869565215,15.521739130434783,0.0,46.45652173913044,7.826086956521739,1.5217391304347827,241.8913043478261,16.369565217391305,47.391304347826086,50.19565217391305,51.76086956521739,4.326086956521739,0.7608695652173914,46.45652173913044,6.8478260869565215,3.5869565217391304,4.326086956521739,0.0,16.369565217391305,51.76086956521739,1.5217391304347827,15.521739130434783,241.91304347826087,7.826086956521739,47.391304347826086,50.19565217391305,0.7608695652173914
DrawAllocation_ExcessiveMethodCalls,1,0,23304.787261500005,61312.0,30514.11182149998,61138.0,2517,89,3.5869565217391304,6.8478260869565215,15.521739130434783,0.0,46.45652173913044,7.826086956521739,1.5217391304347827,241.8913043478261,16.369565217391305,47.391304347826086,50.19565217391305,51.76086956521739,4.326086956521739,0.7608695652173914,46.45652173913044,6.8478260869565215,3.5869565217391304,4.326086956521739,0.0,16.369565217391305,51.76086956521739,1.5217391304347827,15.521739130434783,241.91304347826087,7.826086956521739,47.391304347826086,50.19565217391305,0.7608695652173914
DrawAllocation_ExcessiveMethodCalls,1,0,24252.366789499996,61340.0,31564.45552400004,61149.0,2517,89,3.5869565217391304,6.8478260869565215,15.521739130434783,0.0,46.45652173913044,7.826086956521739,1.5217391304347827,241.8913043478261,16.369565217391305,47.391304347826086,50.19565217391305,51.76086956521739,4.326086956521739,0.7608695652173914,46.45652173913044,6.8478260869565215,3.5869565217391304,4.326086956521739,0.0,16.369565217391305,51.76086956521739,1.5217391304347827,15.521739130434783,241.91304347826087,7.826086956521739,47.391304347826086,50.19565217391305,0.7608695652173914
